-- phpMyAdmin SQL Dump
-- version 4.6.5.2
-- https://www.phpmyadmin.net/
--
-- Host: 127.0.0.1
-- Generation Time: Apr 14, 2018 at 09:23 PM
-- Server version: 10.1.21-MariaDB
-- PHP Version: 5.6.30

SET SQL_MODE = "NO_AUTO_VALUE_ON_ZERO";
SET time_zone = "+00:00";


/*!40101 SET @OLD_CHARACTER_SET_CLIENT=@@CHARACTER_SET_CLIENT */;
/*!40101 SET @OLD_CHARACTER_SET_RESULTS=@@CHARACTER_SET_RESULTS */;
/*!40101 SET @OLD_COLLATION_CONNECTION=@@COLLATION_CONNECTION */;
/*!40101 SET NAMES utf8mb4 */;

--
-- Database: `kaset3`
--

-- --------------------------------------------------------

--
-- Table structure for table `tbl_cart`
--

CREATE TABLE `tbl_cart` (
  `ct_id` int(10) NOT NULL,
  `c_id` int(11) NOT NULL,
  `pd_id` int(10) UNSIGNED NOT NULL DEFAULT '0',
  `ct_qty` mediumint(8) UNSIGNED NOT NULL DEFAULT '1',
  `ct_session_id` char(32) COLLATE utf8_unicode_ci NOT NULL DEFAULT '',
  `ct_date` datetime NOT NULL DEFAULT '0000-00-00 00:00:00',
  `od_status` enum('New','Paid','Shipped','Completed','Cancelled') COLLATE utf8_unicode_ci NOT NULL DEFAULT 'New'
) ENGINE=MyISAM DEFAULT CHARSET=utf8 COLLATE=utf8_unicode_ci;

--
-- Dumping data for table `tbl_cart`
--

INSERT INTO `tbl_cart` (`ct_id`, `c_id`, `pd_id`, `ct_qty`, `ct_session_id`, `ct_date`, `od_status`) VALUES
(108, 0, 51, 1, '8j7ofeur32qi97gjnuc0fg6lf2', '2018-04-13 00:38:50', 'New');

-- --------------------------------------------------------

--
-- Table structure for table `tbl_category`
--

CREATE TABLE `tbl_category` (
  `cat_id` int(10) UNSIGNED NOT NULL,
  `cat_parent_id` int(11) NOT NULL DEFAULT '0',
  `cat_name` varchar(50) COLLATE utf8_unicode_ci NOT NULL DEFAULT '',
  `cat_description` varchar(200) COLLATE utf8_unicode_ci NOT NULL DEFAULT '',
  `cat_image` varchar(255) COLLATE utf8_unicode_ci NOT NULL DEFAULT ''
) ENGINE=MyISAM DEFAULT CHARSET=utf8 COLLATE=utf8_unicode_ci;

--
-- Dumping data for table `tbl_category`
--

INSERT INTO `tbl_category` (`cat_id`, `cat_parent_id`, `cat_name`, `cat_description`, `cat_image`) VALUES
(8, 0, 'สารกำจัดวัชพืช', 'กำจัดวัชพืชได้ทุกชนิด', 'ya1.jpg'),
(9, 0, 'สารกำจัดแมลง', 'กำจัดแมลงได้ทุกฤดูกาล', 'm1.jpg'),
(10, 0, 'สารป้องกันและกำจัดโรคพืช', 'กำจัดโรคต่างๆทุกชนิด', 'p1.jpg'),
(11, 0, 'ฮอร์โมนพืช', 'ผลดก ลูกใหญ่ เสริมสร้างพืช', 'h1.jpg');

-- --------------------------------------------------------

--
-- Table structure for table `tbl_currency`
--

CREATE TABLE `tbl_currency` (
  `cy_id` int(10) UNSIGNED NOT NULL,
  `cy_code` char(3) COLLATE utf8_unicode_ci NOT NULL DEFAULT '',
  `cy_symbol` varchar(8) COLLATE utf8_unicode_ci NOT NULL DEFAULT ''
) ENGINE=MyISAM DEFAULT CHARSET=utf8 COLLATE=utf8_unicode_ci;

--
-- Dumping data for table `tbl_currency`
--

INSERT INTO `tbl_currency` (`cy_id`, `cy_code`, `cy_symbol`) VALUES
(11, '$', '100');

-- --------------------------------------------------------

--
-- Table structure for table `tbl_instock`
--

CREATE TABLE `tbl_instock` (
  `in` int(10) NOT NULL,
  `in_renum` varchar(20) COLLATE utf8_unicode_ci NOT NULL,
  `pd_id` int(10) UNSIGNED NOT NULL,
  `warehouse` varchar(20) COLLATE utf8_unicode_ci NOT NULL
) ENGINE=InnoDB DEFAULT CHARSET=utf8 COLLATE=utf8_unicode_ci;

--
-- Dumping data for table `tbl_instock`
--

INSERT INTO `tbl_instock` (`in`, `in_renum`, `pd_id`, `warehouse`) VALUES
(1, '1234a', 112, '4'),
(2, '1234s', 12, '12'),
(4, '12a', 123, '2'),
(5, '145sd', 31, '2'),
(6, '102kd', 22, '4'),
(7, 'aa', 11, '3'),
(9, '566g', 220, '7'),
(10, '8jhh', 87, '9'),
(11, '887h', 65, '8'),
(12, '1', 1, '1'),
(13, '2', 2, '2'),
(14, '3', 33, '3'),
(15, '44', 4, '4'),
(16, 'a', 0, '2'),
(17, '5', 55, '5'),
(18, '43', 45, '3'),
(19, '66', 6, '6'),
(20, '77', 7, '7'),
(21, '888', 8, '3'),
(22, '7j', 99, '2'),
(24, '99', 9, '2'),
(26, '1', 10, '2'),
(29, '12', 999, '3'),
(30, '1111', 111, '11'),
(31, '22', 222, '2'),
(32, '2', 32, '2'),
(33, '777', 77, '3'),
(34, '4', 90, '3'),
(37, 'lo', 900, '-1'),
(43, '1', 1111, '1'),
(45, '678', 89, '8'),
(53, 'a', 2223, '2');

-- --------------------------------------------------------

--
-- Table structure for table `tbl_order`
--

CREATE TABLE `tbl_order` (
  `od_id` int(10) UNSIGNED NOT NULL,
  `od_date` datetime DEFAULT NULL,
  `user_id` int(11) NOT NULL,
  `od_last_update` datetime NOT NULL DEFAULT '0000-00-00 00:00:00',
  `od_status` enum('สั่งซื้อ','ชำระเงินเรียบร้อย','เตรียมการจัดส่ง','จัดส่งเรียบร้อย','ยกเลิก') COLLATE utf8_unicode_ci NOT NULL DEFAULT 'สั่งซื้อ',
  `od_memo` varchar(255) COLLATE utf8_unicode_ci NOT NULL,
  `od_shipping_first_name` varchar(50) COLLATE utf8_unicode_ci NOT NULL DEFAULT '',
  `od_shipping_last_name` varchar(50) COLLATE utf8_unicode_ci NOT NULL DEFAULT '',
  `od_shipping_email` varchar(50) COLLATE utf8_unicode_ci NOT NULL DEFAULT '',
  `od_shipping_address1` varchar(100) COLLATE utf8_unicode_ci NOT NULL DEFAULT '',
  `od_shipping_address2` varchar(100) COLLATE utf8_unicode_ci NOT NULL DEFAULT '',
  `od_shipping_phone` varchar(10) COLLATE utf8_unicode_ci NOT NULL DEFAULT '',
  `od_shipping_city` varchar(100) COLLATE utf8_unicode_ci NOT NULL DEFAULT '',
  `od_shipping_state` varchar(32) COLLATE utf8_unicode_ci NOT NULL DEFAULT '',
  `od_shipping_postal_code` varchar(5) COLLATE utf8_unicode_ci NOT NULL DEFAULT '',
  `od_shipping_cost` decimal(5,2) DEFAULT '0.00',
  `od_payment_first_name` varchar(50) COLLATE utf8_unicode_ci NOT NULL DEFAULT '',
  `od_payment_last_name` varchar(50) COLLATE utf8_unicode_ci NOT NULL DEFAULT '',
  `od_payment_email` varchar(50) COLLATE utf8_unicode_ci NOT NULL DEFAULT '',
  `od_payment_address1` varchar(100) COLLATE utf8_unicode_ci NOT NULL DEFAULT '',
  `od_payment_address2` varchar(100) COLLATE utf8_unicode_ci NOT NULL DEFAULT '',
  `od_payment_phone` varchar(10) COLLATE utf8_unicode_ci NOT NULL DEFAULT '',
  `od_payment_city` varchar(100) COLLATE utf8_unicode_ci NOT NULL DEFAULT '',
  `od_payment_state` varchar(32) COLLATE utf8_unicode_ci NOT NULL DEFAULT '',
  `od_payment_postal_code` varchar(5) COLLATE utf8_unicode_ci NOT NULL DEFAULT '',
  `od_parcelno` varchar(13) COLLATE utf8_unicode_ci NOT NULL
) ENGINE=MyISAM DEFAULT CHARSET=utf8 COLLATE=utf8_unicode_ci;

--
-- Dumping data for table `tbl_order`
--

INSERT INTO `tbl_order` (`od_id`, `od_date`, `user_id`, `od_last_update`, `od_status`, `od_memo`, `od_shipping_first_name`, `od_shipping_last_name`, `od_shipping_email`, `od_shipping_address1`, `od_shipping_address2`, `od_shipping_phone`, `od_shipping_city`, `od_shipping_state`, `od_shipping_postal_code`, `od_shipping_cost`, `od_payment_first_name`, `od_payment_last_name`, `od_payment_email`, `od_payment_address1`, `od_payment_address2`, `od_payment_phone`, `od_payment_city`, `od_payment_state`, `od_payment_postal_code`, `od_parcelno`) VALUES
(1038, '2018-04-15 02:19:45', 14, '2018-04-15 02:19:45', 'สั่งซื้อ', '', 'สำรวย', 'จรวจแหลม', 'bill@gmail.com', '1', '1', '0877777777', '1', '1', '70000', '100.00', 'สำรวย', 'จรวจแหลม', 'bill@gmail.com', '1', '1', '0877777777', '1', '1', '70000', '');

-- --------------------------------------------------------

--
-- Table structure for table `tbl_order_item`
--

CREATE TABLE `tbl_order_item` (
  `od_id` int(10) UNSIGNED NOT NULL DEFAULT '0',
  `pd_id` int(10) UNSIGNED NOT NULL DEFAULT '0',
  `od_qty` int(10) UNSIGNED NOT NULL DEFAULT '0'
) ENGINE=MyISAM DEFAULT CHARSET=utf8 COLLATE=utf8_unicode_ci;

--
-- Dumping data for table `tbl_order_item`
--

INSERT INTO `tbl_order_item` (`od_id`, `pd_id`, `od_qty`) VALUES
(1007, 43, 1),
(1006, 31, 1),
(1005, 60, 1),
(1003, 23, 1),
(1004, 23, 1),
(1008, 29, 1),
(1008, 34, 1),
(1008, 60, 1),
(1008, 51, 1),
(1009, 34, 1),
(1009, 60, 1),
(1010, 38, 1),
(1011, 56, 1),
(1011, 42, 1),
(1012, 27, 1),
(1012, 64, 1),
(1013, 31, 1),
(1014, 60, 1),
(1015, 58, 1),
(1016, 43, 1),
(1017, 25, 1),
(1018, 25, 9),
(1018, 57, 2),
(1019, 31, 1),
(1019, 24, 1),
(1020, 56, 3),
(1021, 24, 5),
(1021, 31, 1),
(1022, 58, 1),
(1022, 56, 1),
(1022, 65, 1),
(1023, 65, 3),
(1024, 65, 1),
(1024, 56, 1),
(1024, 58, 1),
(1025, 75, 1),
(1025, 42, 1),
(1025, 24, 1),
(1026, 31, 1),
(1026, 24, 1),
(1027, 51, 1),
(1028, 24, 1),
(1029, 24, 1),
(1030, 75, 1),
(1031, 56, 1),
(1032, 31, 1),
(1033, 31, 1),
(1033, 24, 1),
(1033, 75, 1),
(1034, 24, 1),
(1035, 24, 1),
(1036, 24, 1),
(1037, 75, 1),
(1038, 75, 1);

-- --------------------------------------------------------

--
-- Table structure for table `tbl_payment`
--

CREATE TABLE `tbl_payment` (
  `od_id` int(10) NOT NULL,
  `od_shipping_first_name` varchar(50) COLLATE utf8_unicode_ci NOT NULL,
  `od_payment_phone` varchar(10) COLLATE utf8_unicode_ci NOT NULL,
  `od_payment_email` varchar(50) COLLATE utf8_unicode_ci NOT NULL,
  `od_bank` varchar(50) COLLATE utf8_unicode_ci NOT NULL,
  `od_date` datetime NOT NULL DEFAULT '0000-00-00 00:00:00',
  `od_amount` int(10) NOT NULL
) ENGINE=InnoDB DEFAULT CHARSET=utf8 COLLATE=utf8_unicode_ci;

--
-- Dumping data for table `tbl_payment`
--

INSERT INTO `tbl_payment` (`od_id`, `od_shipping_first_name`, `od_payment_phone`, `od_payment_email`, `od_bank`, `od_date`, `od_amount`) VALUES
(1026, 'laven', '0877777777', 'asasd@gmail.com', 'ธนาคารไทยพาณิชย์ 769-2-49734-8', '2018-04-13 00:00:00', 3000),
(1031, 'ปแอแปอ', '', 'nlnln@gmail.com', 'ธนาคารไทยพาณิชย์ 769-2-49734-8', '2018-04-14 00:00:00', 1000),
(1032, 'ฟหกฟหก', '877777777', 'bill@gmail.com', 'ธนาคารกรุงไทย 115-3-40984-4', '2018-04-14 00:00:00', 3000),
(99999, 'kulthida', '823563580', 'nookully@outlook.co.th', 'ธนาคารกรุงไทย 115-3-40984-4', '2018-04-12 00:00:00', 12300);

-- --------------------------------------------------------

--
-- Table structure for table `tbl_product`
--

CREATE TABLE `tbl_product` (
  `pd_id` int(10) UNSIGNED NOT NULL,
  `cat_id` int(10) UNSIGNED NOT NULL DEFAULT '0',
  `pd_name` varchar(100) COLLATE utf8_unicode_ci NOT NULL DEFAULT '',
  `pd_description` text COLLATE utf8_unicode_ci NOT NULL,
  `pd_price` decimal(9,2) NOT NULL DEFAULT '0.00',
  `pd_qty` smallint(5) UNSIGNED NOT NULL DEFAULT '0',
  `pd_image` varchar(200) COLLATE utf8_unicode_ci DEFAULT NULL,
  `pd_thumbnail` varchar(200) COLLATE utf8_unicode_ci DEFAULT NULL,
  `pd_date` datetime NOT NULL DEFAULT '0000-00-00 00:00:00',
  `pd_last_update` datetime NOT NULL DEFAULT '0000-00-00 00:00:00'
) ENGINE=MyISAM DEFAULT CHARSET=utf8 COLLATE=utf8_unicode_ci;

--
-- Dumping data for table `tbl_product`
--

INSERT INTO `tbl_product` (`pd_id`, `cat_id`, `pd_name`, `pd_description`, `pd_price`, `pd_qty`, `pd_image`, `pd_thumbnail`, `pd_date`, `pd_last_update`) VALUES
(22, 8, 'ลำโขง48', 'ชื่อสามัญ   :  ไกลโฟเซต ไอโซโพรพิลแอมโมเนียม 48% W/V SL (Glyphosate Isopropylammonium)\r\nคุณสมบัติ   :  ใช้กำจัดต้นหญ้าใบเขียว วัชพืชใบแคบและใบกว้าง หญ้าคา หญ้าขน แห้วหมู ดูดซึม การออกฤทธิ์ช้าต้นหญ้าจะเริ่มตายในระยะ 5-7 วัน \r\nประเภท : สารกำจัดวัชพืช \r\nขนาดบรรจุ  :   4 ลิตร \r\nราคา  350  บาท  ', '350.00', 0, '01ลำโขง.jpg', '01ลำโขง.jpg', '0000-00-00 00:00:00', '0000-00-00 00:00:00'),
(23, 8, 'พาราควอต', 'ชื่อสามัญ    :  พาราควอตไดคลอไรด์ (paraquat dichloride)  \r\nคุณสมบัติ   :   ใช้หลังวัชพืชงอก (post-emergence) ในพื้นที่ทำการเกษตร และพื้นที่ไม่ได้ทำการเกษตร เพื่อกำจัดวัชพืชที่งอกจากเมล็ด\r\nและส่วนที่มีสีเขียวเหนือดินใช้กำจัดวัชพืชชนิดเผาไหม้ ในไร่ ฝ้าย มันสำปะหลัง ถั่วเหลือง อ้อย ข้าวโพด ผลไม้ คันนา ขอบบ่อริมถนน \r\nประเภท : สารกำจัดวัชพืช\r\nขนาดบรรจุ   :    1 ลิตร \r\nราคา : 120 บาท', '120.00', 0, '01พาราควอต.jpg', '01พาราควอต.jpg', '2018-02-08 09:21:26', '0000-00-00 00:00:00'),
(24, 8, 'กรัมม็อกโซน', 'ชื่อสามัญ    :  พาราควอตไดคลอไรด์ (paraquat dichloride)  \r\nคุณสมบัติ   :   ใช้หลังวัชพืชงอก (post-emergence) ในพื้นที่ทำการเกษตร และพื้นที่ไม่ได้ทำการเกษตร เพื่อกำจัดวัชพืชที่งอกจากเมล็ด\r\nและส่วนที่มีสีเขียวเหนือดินใช้กำจัดวัชพืชชนิดเผาไหม้ ในไร่ ฝ้าย มันสำปะหลัง ถั่วเหลือง อ้อย ข้าวโพด ผลไม้ คันนา ขอบบ่อริมถนน \r\nประเภท : สารกำจัดวัชพืช\r\nขนาดบรรจุ :  5 ลิตร \r\nราคา 600 บาท ', '600.00', 436, '01กรัม.jpg', '01กรัม.jpg', '0000-00-00 00:00:00', '0000-00-00 00:00:00'),
(25, 8, 'วายโซน', 'ชื่อสามัญ    :  พาราควอตไดคลอไรด์ (paraquat dichloride)  \r\nคุณสมบัติ   :   ใช้หลังวัชพืชงอก (post-emergence) ในพื้นที่ทำการเกษตร และพื้นที่ไม่ได้ทำการเกษตร เพื่อกำจัดวัชพืชที่งอกจากเมล็ด\r\nและส่วนที่มีสีเขียวเหนือดินใช้กำจัดวัชพืชชนิดเผาไหม้ ในไร่ ฝ้าย มันสำปะหลัง ถั่วเหลือง อ้อย ข้าวโพด ผลไม้ คันนา ขอบบ่อริมถนน \r\nประเภท : สารกำจัดวัชพืช\r\nขนาดบรรจุ :  5 ลิตร \r\nราคา 420 บาท ', '420.00', 80, '01วายโซน.jpg', '01วายโซน.jpg', '0000-00-00 00:00:00', '0000-00-00 00:00:00'),
(26, 8, 'เอชโซนัด95', 'ชื่อสามัญ    :  2 4-ดี โซเดียมซอลต์  (2,4-d sodium salt)\r\nคุณสมบัติ   :   ผักตบชวา ผักบุ้ง ขาเขียด  เทียนนา กกขนาก กกทราย หนวดปลาดุก ดูดซึม การออกฤทธิ์ช้า ต้นหญ้าจะเริ่มตายในระยะ 5-7 วัน\r\nประเภท : สารกำจัดวัชพืช\r\nขนาดบรรจุ : 1 กิโลกรัม   \r\nราคา 250 บาท \r\n        ', '250.00', 50, '01sso.jpg', '01sso.jpg', '0000-00-00 00:00:00', '0000-00-00 00:00:00'),
(27, 8, 'โวร็อกซ์', 'ชื่อสามัญ    :  ไดยูรอน  (diuron)\r\nคุณสมบัติ   :   ใช้ไดยรูอนก่อนวัชพืชงอก และหลังวัชพืชงอก ในไร่สับปะรด,อ้อย, ชา, กาแฟ, ป้องกันการงอกและกำจัดวัชพืช หญ้าปากควาย หญ้ารังนก ผักเบี้ยใหญ่\r\nประเภท : สารกำจัดวัชพืช\r\nขนาดบรรจุ : 1 กิโลกรัม\r\nราคา 250 บาท\r\n  ', '250.00', 49, '01โวร็อกซ์.jpg', '01โวร็อกซ์.jpg', '0000-00-00 00:00:00', '0000-00-00 00:00:00'),
(28, 8, 'ไกลโฟเซต48', 'ชื่อสามัญ    :  ไกลโฟเซต ไอโซโพรพิลแอมโมเนียม 48% W/V SL (Glyphosate Isopropylammonium)  \r\nคุณสมบัติ   :  ใช้กำจัดต้นหญ้าใบเขียว วัชพืชใบแคบและใบกว้าง หญ้าคา หญ้าขน แห้วหมู ดูดซึม การออกฤทธิ์ช้า ต้นหญ้าจะเริ่มตายใน ระยะ 5-7 วัน  \r\nประเภท : สารกำจัดวัชพืช\r\nขนาดบรรจุ :  4 ลิตร \r\nราคา  380  บาท ', '380.00', 5, '01ไกลโฟเซตแดง.jpg', '01ไกลโฟเซตแดง.jpg', '0000-00-00 00:00:00', '0000-00-00 00:00:00'),
(29, 8, 'ไกลโฟเซต48', 'ชื่อสามัญ    :  ไกลโฟเซต ไอโซโพรพิลแอมโมเนียม 48% W/V SL (Glyphosate Isopropylammonium)  \r\nคุณสมบัติ   :  ใช้กำจัดต้นหญ้าใบเขียว วัชพืชใบแคบและใบกว้าง หญ้าคา หญ้าขน แห้วหมู ดูดซึม การออกฤทธิ์ช้า ต้นหญ้าจะเริ่มตายใน ระยะ 5-7 วัน  \r\nประเภท : สารกำจัดวัชพืช\r\nขนาดบรรจุ :  4 ลิตร \r\nราคา  380  บาท ', '380.00', 99, '01ไกลโฟเซตเหลือง.jpg', '01ไกลโฟเซตเหลือง.jpg', '0000-00-00 00:00:00', '0000-00-00 00:00:00'),
(30, 8, 'เอราบาส', 'ชื่อสามัญ    :  กลูโฟซิเนตแอมโมเนียม (glufosinate- ammonium)\r\nคุณสมบัติ   :   กำจัดวัชพืชได้หลากหลายทั้งวัชพืชใบแคบ ใบกว้าง ทั้งวัชพืชปีเดียวหรือข้ามปี โดยพ่นกำจัดวัชพืชได้ในพืชยืนต้น เช่น พ่นกำจัดวัชพืชในไม้ผลต่างๆ\r\nประเภท : สารกำจัดวัชพืช\r\nขนาดบรรจุ :  4 ลิตร   \r\nราคา 1700  บาท', '1700.00', 50, '01เอราบาส.jpg', '01เอราบาส.jpg', '0000-00-00 00:00:00', '0000-00-00 00:00:00'),
(31, 8, 'บาสต้าเอ็กซ์', 'ชื่อสามัญ    :  กลูโฟซิเนตแอมโมเนียม (glufosinate- ammonium)\r\nคุณสมบัติ   :   กำจัดวัชพืชได้หลากหลายทั้งวัชพืชใบแคบ ใบกว้าง ทั้งวัชพืชปีเดียวหรือข้ามปี โดยพ่นกำจัดวัชพืชได้ในพืชยืนต้น เช่น พ่นกำจัดวัชพืชในไม้ผลต่างๆ\r\nประเภท : สารกำจัดวัชพืช\r\nขนาดบรรจุ :  4 ลิตร   \r\nราคา 2200 บาท', '2200.00', 43, '01บาต้าเอ็กซ์.jpg', '01บาต้าเอ็กซ์.jpg', '0000-00-00 00:00:00', '0000-00-00 00:00:00'),
(32, 9, 'คอมเม็กติน', 'ชื่อสามัญ    :  อะบาเม็กติน (abamectin)\r\nคุณสมบัติ   : ป้องกันกำจัดหนอนใยผัก ใช้เมื่อพบตัวเต็มวัยหรือ ไข่หนอน ไรสนิม ไรแดง ในส้มโอ เพลี้ยไฟ หนอนชอนใบ หนอนม้วนใบข้าว \r\nหนอนม้วนใบ หนอนกอ หนอนกระทู้ \r\nประเภท : สารกำจัดแมลง\r\nขนาดบรรจุ :  1 ลิตร\r\nราคา 200 บาท', '200.00', 107, '02com.jpg', '02com.jpg', '0000-00-00 00:00:00', '0000-00-00 00:00:00'),
(33, 9, 'ดีโป้', 'ชื่อสามัญ    :  ไซเพอร์เมทริน (Cypermethrin)\r\nคุณสมบัติ   :  เป็นสารกำจัดแมลง ชนิดถูกตัวตาย ออกฤทธิ์เร็ว หนอนกอข้าว หนอนม้วนใบ หนอนไถเปลือก บั่ว แมลงสิง เพลียจักจั่น เพลี้ยอ่อน เพลี้ยไก่แจ้ เพลี้ยไฟ มวนแดง หนอนเจาะลำต้น หนอนกระทู้หอม หนอนกระทู้ผัก หนอนคืบ หนอนใยผัก หนอนกระทู้ควายพระอินทร์ และหนอนผีเสื้ออื่น ๆ \r\nประเภท : สารกำจัดแมลง\r\nขนาดบรรจุ :  1 ลิตร \r\nราคา 160 บาท', '160.00', 100, '02ดี.jpg', '02ดี.jpg', '0000-00-00 00:00:00', '0000-00-00 00:00:00'),
(34, 9, 'ไซเพอร์เมทริน 10 %', 'ชื่อสามัญ    :  ไซเพอร์เมทริน  (Cypermethrin)\r\nคุณสมบัติ   :  เป็นสารกำจัดแมลง ชนิดถูกตัวตาย ออกฤทธิ์เร็ว หนอนกอข้าว หนอนม้วนใบ หนอนไถเปลือก บั่ว แมลงสิง เพลียจักจั่น เพลี้ยอ่อน เพลี้ยไก่แจ้ เพลี้ยไฟ มวนแดง หนอนเจาะลำต้น หนอนกระทู้หอม หนอนกระทู้ผัก หนอนคืบ หนอนใยผัก หนอนกระทู้ควายพระอินทร์ และหนอนผีเสื้ออื่น ๆ \r\nประเภท : สารกำจัดแมลง\r\nขนาดบรรจุ :  1 ลิตร\r\nราคา 160 บาท ', '160.00', 98, '02ไซ.jpg', '02ไซ.jpg', '0000-00-00 00:00:00', '0000-00-00 00:00:00'),
(35, 9, 'โปรเทคทริน35', 'ชื่อสามัญ    :  ไซเพอร์เมทริน  (Cypermethrin)\r\nคุณสมบัติ   :  เป็นสารกำจัดแมลง ชนิดถูกตัวตาย ออกฤทธิ์เร็ว หนอนกอข้าว หนอนม้วนใบ หนอนไถเปลือก บั่ว แมลงสิง เพลียจักจั่น เพลี้ยอ่อน เพลี้ยไก่แจ้ เพลี้ยไฟ มวนแดง หนอนเจาะลำต้น หนอนกระทู้หอม หนอนกระทู้ผัก หนอนคืบ หนอนใยผัก หนอนกระทู้ควายพระอินทร์ และหนอนผีเสื้ออื่น ๆ\r\n **เป็นพิษ ต่อปลา**  \r\nประเภท : สารกำจัดแมลง\r\nขนาดบรรจุ :  1 ลิตร \r\nราคา 250 บาท', '250.00', 100, '0235.jpg', '0235.jpg', '0000-00-00 00:00:00', '0000-00-00 00:00:00'),
(36, 9, 'เคซิดอน', 'ชื่อสามัญ    :  ไซเปอร์เมทริน 3 %\r\nคุณสมบัติ   :  ใช้ป้องกันกำจัดแมลงในบ้านเรือน หรือ อาคารสถานที่ แมลงสาบ มด ตัวสามง่าม หมัด เรือด เห็บ และ แมลงคลาน เล็กๆ\r\nประเภท : สารกำจัดแมลง\r\nขนาดบรรจุ :  1 กิโลกรัม \r\nราคา 100 บาท', '100.00', 50, '02ปู.jpg', '02ปู.jpg', '0000-00-00 00:00:00', '0000-00-00 00:00:00'),
(37, 9, 'พาโตด้า', 'ชื่อสามัญ    :  แลมบ์ดา ไซฮาโลทริน(Lambda Cyhalothrin) \r\nคุณสมบัติ   : เพลี้ยไฟ แมลงหร่า หนอนแดง เพลี้ยจักจั่น หนอนกอสีครีม หนอนห่อใบข้าว หนอนกัดใบข้าว หนอนใยผัก หนอนกระทู้หอม หนอน ประกบใบ หนอนเจาะสมอฝ้าย แมลงสิง ไอ้ฮวบ ด้วงงวง\r\nประเภท : สารกำจัดแมลง\r\nขนาดบรรจุ :  1 ลิตร \r\nราคา 200 บาท\r\n', '200.00', 100, '02พา.jpg', '02พา.jpg', '0000-00-00 00:00:00', '0000-00-00 00:00:00'),
(38, 9, 'โอไม้ท์30', 'ชื่อสามัญ    :  โพรพาร์ไกต์ (propargite)  \r\nคุณสมบัติ   :  ใช้กำจัดไรศัตรูพืชชนิดต่าง ๆ เช่นไรแดง แอฟริกัน แมงมุมแดง ไรสนิม ไรกำมะหยี่ และไรศัตรูพืชดื้อยาอื่น\r\nประเภท : สารกำจัดแมลง\r\nขนาดบรรจุ :  1 กิโลกรัม \r\nราคา 430 บาท', '430.00', 49, '02โอ.jpg', '02โอ.jpg', '0000-00-00 00:00:00', '0000-00-00 00:00:00'),
(39, 9, 'โอไม้ท์', 'ชื่อสามัญ    :  โพรพาร์ไกต์ (propargite)  \r\nคุณสมบัติ   :  ใช้กำจัดไรศัตรูพืชชนิดต่าง ๆ เช่นไรแดง แอฟริกัน แมงมุมแดง ไรสนิม ไรกำมะหยี่ และไรศัตรูพืชดื้อยาอื่น\r\nประเภท : สารกำจัดแมลง\r\nขนาดบรรจุ :  1 กิโลกรัม \r\nราคา 600 บาท', '600.00', 50, '02ไมท์.jpg', '02ไมท์.jpg', '0000-00-00 00:00:00', '0000-00-00 00:00:00'),
(40, 9, 'โตกุไธออน', 'ชื่อสามัญ    :  โพรไทโอฟอส (prothiofos)\r\nคุณสมบัติ   :  ใช้ป้องกันกำจัดเพลี้ยแป้ง\r\nประเภท : สารกำจัดแมลง\r\nขนาดบรรจุ :  1 ลิตร \r\nราคา 750 บาท', '750.00', 50, '02โตกุ.jpg', '02โตกุ.jpg', '0000-00-00 00:00:00', '0000-00-00 00:00:00'),
(41, 9, 'โปรเมทริน', 'ชื่อสามัญ    :  เดลทาเมทริน (Deltamethrin)\r\nคุณสมบัติ   : กำจัดเพลี้ยกระโดดสีน้ำตาล หนอนม้วนใบข้าว เพลี้ยจักจั่นหนอนกอสีครีม หนอนห่อใบข้าว หนอนกัดใบข้าว หนอนใยผัก หนอนกระทู้หอม หนอนประกบใบ หนอนเจาะสมอฝ้าย แมลงสิง ไอ้ฮวบ ด้วงงวง เพลี้ยไฟ แมลงหร่า หนอนแดง\r\nประเภท : สารกำจัดแมลง\r\nขนาดบรรจุ :  1 ลิตร\r\nราคา 300 บาท', '300.00', 80, '02po.jpg', '02po.jpg', '0000-00-00 00:00:00', '0000-00-00 00:00:00'),
(42, 9, 'คราฟ-ซีนอน', 'ชื่อสามัญ : ไดอะซินอน(Diazinon)  \r\nคุณสมบัติ   : กำจัดเพลี้ยอ่อน เพลี้ยไฟ เพลี้ยหอย แมลงวันทอง เพลี้ยแป้ง เพลี้ยกระโดดสีน้ำตาล มดแดง เพลี้ยจักจั่น แมลงหวีขาว ปลวก หนอนเจาะ ด้วง หนอนใย แมลงสิง บั่ว หนอนกอข้าว หนอนม้วนใบ หนอนไถเปลือก หนอนเจาะฝักข้าวโพด เพลี้ยหอย เพลี้ยแป้ง เพลี้ยกระโดด เพลี้ยจักจั่น ไรสนิม ไรแดง **เป็นอันตรายต่อผึ้ง ในช่วงการออกดอก**\r\nประเภท : สารกำจัดแมลง\r\nขนาดบรรจุ :  1 ลิตร\r\nราคา 320 บาท', '320.00', 134, '02kab.jpg', '02kab.jpg', '0000-00-00 00:00:00', '0000-00-00 00:00:00'),
(43, 10, 'คาร์เบนดาซิม', 'ชื่อสามัญ    :  คาร์เบนดาซิม (carbendazim)\r\nคุณสมบัติ   :  เป็นสารป้องกันกำจัดเชื้อราโรคพืช ประเภทดูดซึมไว ป้องกันกำจัดราแป้ง, แอนแทรคโนสมะม่วง\r\nประเภท : สารป้องกันและกำจัดโรคพืช\r\nขนาดบรรจุ :  1 กิโลกรัม \r\nราคา 160 บาท', '160.00', 99, '03car.jpg', '03car.jpg', '0000-00-00 00:00:00', '0000-00-00 00:00:00'),
(44, 10, 'คอปเปอร์ ออกซีคลอไรด์', 'ชื่อสามัญ   :  คอปเปอร์ ออกซีคลอไรด์ (copper oxychloride)\r\nคุณสมบัติ   : ใช้ป้องกันกำจัดโรคแคงเกอร์มะนาว โรคราน้ำค้างองุ่น โรคใบจุดตาเสือเผือกโรคใบแห้งไม้ดอกไม้ประดับ โรคใบไหม้มันฝรั่ง โรคผลเน่ากาแฟ โรคราสนิมกาแฟ โรคแอนแทรคโนสองุ่น โรคมีลาโนสของส้ม โรคสแคปของส้ม โรคใบจุดถั่ว \r\nประเภท : สารป้องกันและกำจัดโรคพืช\r\nขนาดบรรจุ :  1 กิโลกรัม \r\nราคา 220 บาท', '220.00', 53, '03cop.jpg', '03cop.jpg', '0000-00-00 00:00:00', '0000-00-00 00:00:00'),
(45, 10, 'โคปิน่า85', 'ชื่อสามัญ    :  คอปเปอร์ ออกซีคลอไรด์ (copper oxychloride)\r\nคุณสมบัติ   : ใช้ป้องกันกำจัดโรคแคงเกอร์มะนาว โรคราน้ำค้างองุ่น โรคใบจุดตาเสือเผือก โรคใบแห้งไม้ดอกไม้ประดับ โรคใบไหม้มันฝรั่ง โรคผลเน่ากาแฟ โรคราสนิมกาแฟ โรคแอนแทรคโนสองุ่น โรคมีลาโนสของส้ม โรคสแคปของส้ม โรคใบจุดถั่ว \r\nประเภท : สารป้องกันและกำจัดโรคพืช\r\nขนาดบรรจุ :  1 กิโลกรัม \r\nราคา 300 บาท', '300.00', 50, '03coเงิน.jpg', '03coเงิน.jpg', '0000-00-00 00:00:00', '0000-00-00 00:00:00'),
(46, 10, 'โคปิน่า85', 'ชื่อสามัญ    :  คอปเปอร์ ออกซีคลอไรด์ (copper oxychloride)\r\nคุณสมบัติ   : ใช้ป้องกันกำจัดโรคแคงเกอร์มะนาว โรคราน้ำค้างองุ่น โรคใบจุดตาเสือเผือก โรคใบแห้งไม้ดอกไม้ประดับ โรคใบไหม้มันฝรั่ง โรคผลเน่ากาแฟ โรคราสนิมกาแฟ โรคแอนแทรคโนสองุ่น โรคมีลาโนสของส้ม โรคสแคปของส้ม โรคใบจุดถั่ว \r\nประเภท : สารป้องกันและกำจัดโรคพืช\r\nขนาดบรรจุ :  1 กิโลกรัม \r\nราคา 300 บาท', '300.00', 50, '03โคข.jpg', '03โคข.jpg', '0000-00-00 00:00:00', '0000-00-00 00:00:00'),
(47, 10, 'แมนโคเซบ 80 ', 'ชื่อสามัญ    :  แมนโคเซบ (mancozeb)\r\nคุณสมบัติ   :  เป็นสารป้องกันกำจัดเชื้อรา โรคจุดสนิม โรคดอกสนิม โรคราน้ำค้าง โรคแอนแทรคโนส โรคราสนิม โรคใบจุด โรคใบไหม้ โรคใบจุดสีม่วง โรคถอดฝักดาบ\r\nประเภท : สารป้องกันและกำจัดโรคพืช\r\nขนาดบรรจุ :  1 กิโลกรัม\r\nราคา 160 บาท', '160.00', 100, '03แมนโค.jpg', '03แมนโค.jpg', '0000-00-00 00:00:00', '0000-00-00 00:00:00'),
(48, 10, 'แอ็คโซแมนโคเซบ 80 ', 'ชื่อสามัญ    :  แมนโคเซบ (mancozeb)\r\nคุณสมบัติ   :  เป็นสารป้องกันกำจัดเชื้อรา โรคจุดสนิม โรคดอกสนิม โรคราน้ำค้าง โรคแอนแทรคโนส โรคราสนิม โรคใบจุด โรคใบไหม้ โรคใบจุดสีม่วง โรคถอดฝักดาบ\r\nประเภท : สารป้องกันและกำจัดโรคพืช\r\nขนาดบรรจุ :  1 กิโลกรัม\r\nราคา 160 บาท', '160.00', 100, '03แมน.jpg', '03แมน.jpg', '0000-00-00 00:00:00', '0000-00-00 00:00:00'),
(49, 10, 'วอลรัส', 'ชื่อสามัญ    :  โพรคลอราซ (prochloraz)  \r\nคุณสมบัติ   :  เป็นสารป้องกันกำจัดเชื้อรา ได้อย่างกว้างขวางในพืชหลายชนิด โดยเฉพาะ โรคแอนแทรคโนส โรคใบจุด โรคตากบ โรคราเขม่า โรคใบจุดดำ โรคไหม้\r\nประเภท : สารป้องกันและกำจัดโรคพืช\r\nขนาดบรรจุ :  1 ลิตร \r\nราคา 420 บาท', '420.00', 60, '03วอล.jpg', '03วอล.jpg', '0000-00-00 00:00:00', '0000-00-00 00:00:00'),
(50, 10, 'สิงห์คัพ', 'ชื่อสามัญ    :  โพรคลอราซ (prochloraz)  \r\nคุณสมบัติ   :  เป็นสารป้องกันกำจัดเชื้อรา ได้อย่างกว้างขวางในพืชหลายชนิด โดยเฉพาะ โรคแอนแทรคโนส โรคใบจุด โรคตากบ โรคราเขม่า โรคใบจุดดำ โรคไหม้\r\nประเภท : สารป้องกันและกำจัดโรคพืช\r\nขนาดบรรจุ :  1 ลิตร\r\nราคา 420 บาท', '420.00', 80, '03sig.jpg', '03sig.jpg', '0000-00-00 00:00:00', '0000-00-00 00:00:00'),
(51, 10, 'ไมโครไธออล', 'ชื่อสามัญ    :  กำมะถัน (sulfur)\r\nคุณสมบัติ   :  ใช้ป้องกันกำจัดไรขาวพริก ไรแดงแอฟริกัน ไรเหลืองส้ม ไรกำมะหยี่ในลิ้นจี่\r\nประเภท : สารป้องกันและกำจัดโรคพืช\r\nขนาดบรรจุ :  1 กิโลกรัม \r\nราคา 110 บาท', '110.00', 48, '03ไม.jpg', '03ไม.jpg', '0000-00-00 00:00:00', '0000-00-00 00:00:00'),
(52, 10, 'โกรเบนเอฟ', 'ชื่อสามัญ    :  คาร์เบนดาซิม (carbendazim)\r\nคุณสมบัติ   :  เป็นสารป้องกันกำจัดเชื้อราโรคพืช ประเภทดูดซึม ไว้ป้องกัน กำจัดราแป้ง แอนแทรคโนสมะม่วง\r\nประเภท : สารป้องกันและกำจัดโรคพืช\r\nขนาดบรรจุ :  1 กิโลกรัม \r\nราคา 200 บาท', '200.00', 100, '03go.jpg', '03go.jpg', '0000-00-00 00:00:00', '0000-00-00 00:00:00'),
(53, 10, 'แอนทราโคล', 'ชื่อสามัญ    :  โพรพิเนบ(propineb)\r\nคุณสมบัติ   : เป็นสารป้องกันและกำจัดโรคราพืช คุณภาพสูง มีเนื้อสาร ละเอียด นุ่มฟูละลายน้ำได้ดีเยี่ยม ไม่อุดตันหัวฉีด ออกฤทธิ์กว้างขวางกำจัดเชื้อราได้มากชนิด ไม่ก่อให้เกิดการ ต้านทานของเชื้อรา มีคุณสมบัติในการเคลือบติดที่ผิวใบพืชได้ดีเป็นเสมือนเกราะป้องกัน การเข้าทำลายของเชื้อรา และทนทานต่อการชะล้างของฝนมีธาตุสังกะสีเป็นส่วนประกอบ ฉีดพ่นสม่ำเสมอจะสามารถป้องกันไม่ให้พืชขาดธาตุสังกะสี \r\nประเภท : สารป้องกันและกำจัดโรคพืช\r\nขนาดบรรจุ :  1 กิโลกรัม \r\nราคา 330 บาท', '330.00', 50, '03แอน.jpg', '03แอน.jpg', '0000-00-00 00:00:00', '0000-00-00 00:00:00'),
(54, 9, 'มักกาโร่', 'ชื่อสามัญ : อีมาเม็กติน เบนโซเอท (emamectin benzoate) \r\nคุณสมบัติ : ใช้ป้องกันกำจัดเพลี้ยจักจั่นฝ้ายในฝ้าย\r\nประเภท : สารกำจัดแมลง\r\nขนาดบรรจุ : 1 ลิตร\r\nราคา 650 บาท', '650.00', 100, '02ema.jpg', '02ema.jpg', '0000-00-00 00:00:00', '0000-00-00 00:00:00'),
(55, 11, 'ออโตนิค (atonik)', 'คุณสมบัติ   : เป็นฮอร์โมนช่วยการเจริญเติบโตของพืช ช่วยการออกดอกและการติดผล ทำให้ดอกและผลขั้วเหนียวไม่หลุดร่วงง่าย ช่วยเพิ่มการงอกของเมล็ดและทำให้มีรากเพิ่มขึ้นทำให้ผลไม้มีสีสันดี ช่วยทำให้เพิ่มทั้งคุณภาพและปริมาณของผลไม้ช่วยให้พืชดูดซึมธาตุอาหารได้ดีขึ้น ช่วยทำให้พืชทนทานต่อความแห้งแล้ง น้ำท่วมและความหนาว\r\nประเภท : ฮอร์โมนพืช\r\nขนาดบรรจุ :  500 ซีซี \r\nราคา 300 บาท', '300.00', 100, '04ออโต.jpg', '04ออโต.jpg', '0000-00-00 00:00:00', '0000-00-00 00:00:00'),
(56, 11, 'ซุปเปอร์ 9 แคล', 'คุณสมบัติ   : ผสมเกสร ติดผลดก ขั้วดอก ขั้วผลเหนียว ช่อดอกยาว อ้วนใหญ่ ป้องกันผลแตก ผลร่วง เร่งเพิ่มและขยายขนาดผล\r\nประเภท : ฮอร์โมนพืช\r\nขนาดบรรจุ :  1 ลิตร\r\nราคา 280 บาท', '280.00', 50, '04super.jpg', '04super.jpg', '0000-00-00 00:00:00', '0000-00-00 00:00:00'),
(57, 11, 'บราโว่ B1-POWDER', 'คุณสมบัติ   : เป็นสารใช้ในการเร่งราก กิ่งตอน กิ่งปักชำ เร่งการแตกราก กระตุ้นการเจริญเติบโตของพืช ช่วยให้พืชที่ย้ายปลูกใหม่ฟื้นตัว ได้เร็วแตกรากดี ตั้งตัวเร็ว\r\nประเภท : ฮอร์โมนพืช\r\nขนาดบรรจุ :  1 กิโลกรัม \r\nราคา 250 บาท', '250.00', 40, '04bavb.jpg', '04bavb.jpg', '0000-00-00 00:00:00', '0000-00-00 00:00:00'),
(58, 11, 'บราโว่ B1-PLUS', 'คุณสมบัติ   : ช่วยการแตกรากฝอย รากแขนง เพิ่มปริมาณรากใหม่ ช่วยกิ่งชำ กิ่งตอน ออกรากเร็ว ช่วยการแตกใบอ่อนได้เร็วขึ้น ลำต้นใหญ่ สมบูรณ์ เร่งการเจริญเติบโตของต้นกล้าฟื้นตัวรวดเร็ว ช่วยระบบดูดซึมของพืช ท่อน้ำท่ออาหาร\r\nประเภท : ฮอร์โมนพืช\r\nขนาดบรรจุ :  4 ลิตร  \r\nราคา 300 บาท ', '300.00', 48, '04bavog.jpg', '04bavog.jpg', '0000-00-00 00:00:00', '0000-00-00 00:00:00'),
(59, 11, 'บิ๊ก-วัน', 'คุณสมบัติ   : สารเพิ่มความเขียวเข้มให้พืช ต้นไม้โทรม ต้นโตเร็วบำรุงราก ลำต้น ใบ ดอก ผลให้สมบรูณ์ ขั้วเหนียว เร่งดอก ดอกดก ติดผลดี เพิ่มขนาด ช่วยพืชทรุดโทรม เพื่อความต้านทานโรค ป้องกันรักษาอาการผิดปกติทางใบทุกชนิดที่เกิดจากการขาดสารที่จำเป็น เช่น ใบแก้ว ใบลาย ใบเหลือง ใบจุด และอื่นๆ ช่วยให้พืชมีความแข็งแรงสมบูรณ์ ป้องกันดอกและผลร่วง ผลผลิตสูง คุณภาพดี รสชาติดี ผิวสวยเนื้อแน่น\r\nประเภท : ฮอร์โมนพืช\r\nขนาดบรรจุ :  4 ลิตร \r\nราคา 500 บาท', '500.00', 100, '04bigg.jpg', '04bigg.jpg', '0000-00-00 00:00:00', '0000-00-00 00:00:00'),
(60, 11, 'ไบโอซี (Bio-Sea) ', 'คุณสมบัติ   : สารสกัดจากสาหร่ายทะเลในรูปที่เข้มข้น ละลายน้ำง่าย ดูดซึม ไว ช่วยกระตุ้นการแบ่งเซลล์ของพืช เร่งการแตกตาดอก แตก ยอด เร่งราก แตกหน่อ ทำให้พืชสมบูรณ์เติบโตสม่ำเสมอ ป้องกันการหลดุร่วงของผล ปรับปรุงคุณภาพของ\r\nผลผลิต ความหวาน ขนาด สี เปลือก ชะลอการเก็บเกี่ยวของผลไม้ รักษาสภาพหลังการเก็บเกี่ยว สร้างความต้านทานราแป้ง และผลเน่า สร้างภูมิคุ้มกันแมลงปากดูดโดยเฉพาะเพลี้ยอ่อน ไรแดง\r\nประเภท : ฮอร์โมนพืช\r\nขนาดบรรจุ :  4 ลิตร  \r\nราคา 800 บาท', '800.00', 46, '04bio.jpg', '04bio.jpg', '0000-00-00 00:00:00', '0000-00-00 00:00:00'),
(61, 11, 'บีซิงค์', 'คุณสมบัติ   : ธาตุอาหารเสริมสำหรับพืชชนิดเข้มข้น ป้องกันและรักษาโรคใบแก้วของส้ม กำจัดป้องกันใบเหลืองใบเล็กปลายใบแหลม ช่วย สร้างกระบวนการผลิตฮอร์โมนพืช ช่วยให้พืชทนต่อสภาพ สิ่งแวดล้อม ทนทานโรคและเมลง\r\nประเภท : ฮอร์โมนพืช\r\nขนาดบรรจุ :  1 กิโลกรัม  \r\nราคา 220 บาท', '220.00', 50, '04bsi.jpg', '04bsi.jpg', '0000-00-00 00:00:00', '0000-00-00 00:00:00'),
(62, 11, 'เคซีแม็กซ์', 'คุณสมบัติ   : ธาตอุาหารจำเป็นต่อดอกและผลอ่อน เพิ่มประสิทธิภาพการผสมเกสร ลดการหลดุร่วงของผลอ่อน  ขยายขนาดผล\r\nประเภท : ฮอร์โมนพืช\r\nขนาดบรรจุ :  1 ลิตร\r\nราคา 220 บาท ', '220.00', 100, '04kc.jpg', '04kc.jpg', '0000-00-00 00:00:00', '0000-00-00 00:00:00'),
(63, 11, 'ไซโต-ซีซั่น', 'คุณสมบัติ   : กระตุ้นการแตกตาดอก  ลดการหลดุร่วงของผล รากแข็งแรง ติดผลดก บำรุงดินหลังการเก็บเกี่ยว\r\nประเภท : ฮอร์โมนพืช\r\nขนาดบรรจุ :  1 กิโลกรัม  \r\nราคา 500 บาท', '500.00', 100, '04cito.jpg', '04cito.jpg', '0000-00-00 00:00:00', '0000-00-00 00:00:00'),
(64, 11, 'โพลิเซ็ท', 'คุณสมบัติ   :  น้ำตาลทางด่วน\r\nประเภท : ฮอร์โมนพืช\r\nขนาดบรรจุ :  1 ลิตร \r\nราคา 250 บาท', '250.00', 49, '04pori.jpg', '04pori.jpg', '0000-00-00 00:00:00', '0000-00-00 00:00:00'),
(65, 11, 'คาน่า', 'คุณสมบัติ   : ดูดซึม คุมไข่หนอน เคลือบผิว ขัดมันให้เงางาม ยืดระยะเวลา ลดจำนวนการพ่นยา ทนทานต่อการชะล้างของฝน\r\nประเภท : ฮอร์โมนพืช\r\nขนาดบรรจุ :  1 ลิตร \r\nราคา 200 บาท', '200.00', 99, '04ca.jpg', '04ca.jpg', '0000-00-00 00:00:00', '0000-00-00 00:00:00'),
(66, 11, 'แคลบอล เอ็กต้า', 'คุณสมบัติ   : ช่อดอกใหญ่สมบูรณ์แข็งแรง ดอกบานได้นานทนสภาพแห้งแล้ง สะสมอาหารได้ดี เพื่อสร้างตาดอก เกสรพืชแข็งแรงติดผล ง่าย ผลอ่อนพัฒนาเร็ว ผลไม้น้ำหนักดี สีสวย เพิ่มความหวาน ป้องกันผลร่วง ผลแตก พืชแข็งแรงต้านทานโรคได้ดี พืชเริ่มปลูกรากเจริญเติบโตแข็งแรง ป้องกันโรคไส้ดำขาดธาตุโบรอน และ โรคก้นผลเน่าขาดแคลเซียม\r\nประเภท : ฮอร์โมนพืช\r\nขนาดบรรจุ :  1 ลิตร \r\nราคา 160 บาท', '160.00', 100, '04caball.jpg', '04caball.jpg', '0000-00-00 00:00:00', '0000-00-00 00:00:00'),
(67, 11, 'โกลด์-อัลจี', 'คุณสมบัติ   : สารกระตุ้นการเจริญเติบโตของพืชจากธรรมชาติ\r\nประเภท : ฮอร์โมนพืช\r\nขนาดบรรจุ :  1 ลิตร \r\nราคา 250 บาท', '250.00', 100, '04gold.jpg', '04gold.jpg', '0000-00-00 00:00:00', '0000-00-00 00:00:00'),
(68, 11, 'อวบอั๋นอรทัย', 'คุณสมบัติ : เร่งการเจริญเติบโต ช่วยผสมเกสรลดการหลุดร่วง เพิ่มขนาด เพิ่มน้ำหนัก เพิ่มสีสันให้ผลผลิต\r\nประเภท : ฮอร์โมนพืช\r\nขนาดบรรจุ :  1 ลิตร \r\nราคา 200 บาท ', '200.00', 100, '04aum.jpg', '04aum.jpg', '0000-00-00 00:00:00', '0000-00-00 00:00:00'),
(69, 11, 'มิว.เอ.เอ', 'คุณสมบัติ : ป้องกันดอกและผลร่วง ช่วยผสมเกสรเพิ่มขนาดของดอก เร่งการเลื้อยของเถา\r\nประเภท : ฮอร์โมนพืช\r\nขนาดบรรจุ :  1 ลิตร \r\nราคา 200 บาท', '200.00', 50, '04mil.jpg', '04mil.jpg', '0000-00-00 00:00:00', '0000-00-00 00:00:00'),
(75, 8, 'we', 'were', '121.00', 475, '94641dbd04c76184aabc5e38af59b054.jpg', '6ae75673f4c43eead3404466a06d791c.jpg', '2018-03-14 11:06:06', '0000-00-00 00:00:00');

-- --------------------------------------------------------

--
-- Table structure for table `tbl_receipt_date`
--

CREATE TABLE `tbl_receipt_date` (
  `receipt_no` int(20) NOT NULL,
  `date` datetime NOT NULL
) ENGINE=InnoDB DEFAULT CHARSET=utf8 COLLATE=utf8_unicode_ci;

--
-- Dumping data for table `tbl_receipt_date`
--

INSERT INTO `tbl_receipt_date` (`receipt_no`, `date`) VALUES
(0, '2018-03-14 00:00:00'),
(80, '2018-04-14 00:01:21'),
(101, '0000-00-00 00:00:00'),
(102, '0000-00-00 00:00:00'),
(121, '0000-00-00 00:00:00'),
(555, '2018-03-14 00:00:00'),
(666, '0000-00-00 00:00:00'),
(780, '0000-00-00 00:00:00'),
(888, '0000-00-00 00:00:00'),
(1009, '2018-03-14 00:00:00'),
(1022, '0000-00-00 00:00:00'),
(1111, '0000-00-00 00:00:00'),
(1112, '0000-00-00 00:00:00'),
(1113, '0000-00-00 00:00:00'),
(1122, '0000-00-00 00:00:00'),
(1200, '2018-03-14 00:00:00'),
(1211, '0000-00-00 00:00:00'),
(1222, '0000-00-00 00:00:00'),
(1244, '0000-00-00 00:00:00'),
(1412, '2018-04-12 00:00:00'),
(1414, '2018-04-13 00:00:00'),
(1415, '2018-04-13 00:00:00'),
(1416, '2018-04-13 23:58:29'),
(1417, '2018-04-13 23:58:42'),
(1418, '2018-04-14 00:00:17'),
(1420, '2018-04-14 00:00:37'),
(1421, '2018-04-14 00:00:48'),
(1422, '2018-04-14 00:03:02'),
(1423, '2018-04-14 00:08:21'),
(1424, '2018-04-14 00:11:40'),
(1425, '2018-04-14 00:19:40'),
(1456, '0000-00-00 00:00:00'),
(2003, '2018-03-14 00:00:00'),
(2221, '2018-03-14 00:00:00'),
(3322, '0000-00-00 00:00:00'),
(3333, '0000-00-00 00:00:00'),
(4444, '2018-03-14 00:00:00'),
(6610, '2018-03-14 00:00:00'),
(6611, '2018-03-14 00:00:00'),
(6667, '2018-03-14 00:00:00'),
(6668, '2018-03-14 00:00:00'),
(6669, '2018-03-14 00:00:00'),
(7777, '0000-00-00 00:00:00'),
(8888, '0000-00-00 00:00:00'),
(9000, '2018-03-19 00:00:00'),
(9877, '2018-03-15 00:00:00'),
(9998, '0000-00-00 00:00:00'),
(22220, '0000-00-00 00:00:00');

-- --------------------------------------------------------

--
-- Table structure for table `tbl_receipt_product`
--

CREATE TABLE `tbl_receipt_product` (
  `receipt_no` int(30) NOT NULL,
  `product_id` int(10) NOT NULL,
  `quantity` smallint(5) NOT NULL
) ENGINE=InnoDB DEFAULT CHARSET=utf8 COLLATE=utf8_unicode_ci;

--
-- Dumping data for table `tbl_receipt_product`
--

INSERT INTO `tbl_receipt_product` (`receipt_no`, `product_id`, `quantity`) VALUES
(0, 0, 0),
(80, 24, 123),
(101, 42, 1),
(102, 42, 2),
(121, 42, 2),
(555, 42, 8),
(666, 32, 3),
(666, 42, 5),
(780, 42, 6),
(888, 31, 100),
(888, 42, 1),
(1009, 75, 2),
(1022, 42, 2),
(1111, 44, 2),
(1112, 42, 6),
(1113, 32, 3),
(1122, 42, 1),
(1200, 75, 3),
(1211, 42, 2),
(1222, 32, 3),
(1244, 42, 4),
(1412, 75, 20),
(1414, 75, 150),
(1415, 75, 99),
(1416, 75, 5),
(1417, 75, 99),
(1418, 24, 50),
(1420, 24, 50),
(1421, 75, 80),
(1422, 24, 99),
(1423, 75, 5),
(1424, 42, 9),
(1425, 24, 9),
(1456, 42, 2),
(2003, 65, 3),
(2221, 24, 10),
(3322, 42, 1),
(3333, 32, 3),
(3333, 44, 1),
(3447, 32, 4),
(4444, 42, 4),
(6455, 42, 4),
(6610, 42, 2),
(6611, 42, 1),
(6667, 75, 2),
(6668, 75, 2),
(6669, 75, 1),
(6789, 24, 11),
(7777, 42, 2),
(8888, 42, 4),
(9000, 24, 100),
(9877, 57, 2),
(9998, 42, 5),
(22220, 32, 1),
(34420, 24, 12),
(34420, 32, 4),
(34424, 24, 5),
(34429, 24, 9),
(34429, 32, 4),
(34479, 32, 4),
(54545, 42, 6),
(64557, 42, 4);

-- --------------------------------------------------------

--
-- Table structure for table `tbl_reference`
--

CREATE TABLE `tbl_reference` (
  `ref` int(10) NOT NULL,
  `in_renum` varchar(20) COLLATE utf8_unicode_ci NOT NULL,
  `re_date` datetime NOT NULL DEFAULT '0000-00-00 00:00:00'
) ENGINE=InnoDB DEFAULT CHARSET=utf8 COLLATE=utf8_unicode_ci;

--
-- Dumping data for table `tbl_reference`
--

INSERT INTO `tbl_reference` (`ref`, `in_renum`, `re_date`) VALUES
(1, '', '0000-00-00 00:00:00'),
(2, '', '0000-00-00 00:00:00'),
(3, '', '0000-00-00 00:00:00'),
(4, '145sd', '0000-00-00 00:00:00'),
(5, '102kd', '0000-00-00 00:00:00'),
(6, 'aa', '0000-00-00 00:00:00'),
(7, '566g', '0000-00-00 00:00:00'),
(8, '8jhh', '0000-00-00 00:00:00'),
(9, '887h', '0000-00-00 00:00:00'),
(10, '1', '2018-03-04 17:08:01'),
(11, '2', '2018-03-04 00:00:00'),
(12, '3', '2018-03-04 00:00:00'),
(13, '44', '2018-03-04 00:00:00'),
(14, 'a', '2018-03-04 00:00:00'),
(15, '5', '2018-03-04 00:00:00'),
(16, '43', '2018-03-04 00:00:00'),
(17, '66', '2018-03-04 00:00:00'),
(18, '77', '0000-00-00 00:00:00'),
(19, '888', '2018-03-04 00:00:00'),
(20, '7j', '2018-03-04 00:00:00'),
(21, '99', '0000-00-00 00:00:00'),
(22, '1', '0000-00-00 00:00:00'),
(23, '12', '0000-00-00 00:00:00'),
(24, '1111', '2018-03-05 00:00:00'),
(25, '22', '2018-03-05 00:00:00'),
(26, '2', '2018-03-05 10:24:21'),
(27, '777', '2018-03-05 10:25:16'),
(28, '4', '2018-03-05 10:48:43'),
(29, 'lo', '2018-03-05 15:00:18'),
(30, '1', '2018-03-05 15:28:22'),
(31, '678', '2018-03-05 15:52:07'),
(32, 'a', '2018-03-05 18:59:08'),
(33, '45555555555555553', '0000-00-00 00:00:00'),
(34, '455553', '0000-00-00 00:00:00');

-- --------------------------------------------------------

--
-- Table structure for table `tbl_shop_config`
--

CREATE TABLE `tbl_shop_config` (
  `sc_name` varchar(50) COLLATE utf8_unicode_ci NOT NULL DEFAULT '',
  `sc_address` varchar(100) COLLATE utf8_unicode_ci NOT NULL DEFAULT '',
  `sc_phone` varchar(30) COLLATE utf8_unicode_ci NOT NULL DEFAULT '',
  `sc_email` varchar(30) COLLATE utf8_unicode_ci NOT NULL DEFAULT '',
  `sc_shipping_cost` decimal(5,2) NOT NULL DEFAULT '0.00',
  `sc_currency` int(10) UNSIGNED NOT NULL DEFAULT '1',
  `sc_order_email` enum('y','n') COLLATE utf8_unicode_ci NOT NULL DEFAULT 'n'
) ENGINE=MyISAM DEFAULT CHARSET=utf8 COLLATE=utf8_unicode_ci;

--
-- Dumping data for table `tbl_shop_config`
--

INSERT INTO `tbl_shop_config` (`sc_name`, `sc_address`, `sc_phone`, `sc_email`, `sc_shipping_cost`, `sc_currency`, `sc_order_email`) VALUES
('ร้านชัยสิทธิ์เกษตร', '36/1 หมู่ 3 ตำบลหนองบัว อำเภอบ้านแพ้ว จังหวัดสมุทรสาคร 74120', '0823563580', 'nookully@outlook.co.th', '200.00', 1, 'y'),
('ร้านชัยสิทธิ์เกษตร', '36/1 หมู่ 3 ตำบลหนองบัว อำเภอบ้านแพ้ว จังหวัดสมุทรสาคร 74120', '0823563580', 'nookully@outlook.co.th', '200.00', 1, 'y');

-- --------------------------------------------------------

--
-- Table structure for table `tbl_user`
--

CREATE TABLE `tbl_user` (
  `user_id` int(10) UNSIGNED NOT NULL,
  `user_name` varchar(20) COLLATE utf8_unicode_ci NOT NULL DEFAULT '',
  `user_password` varchar(32) COLLATE utf8_unicode_ci NOT NULL DEFAULT '',
  `user_regdate` datetime NOT NULL DEFAULT '0000-00-00 00:00:00',
  `user_last_login` datetime NOT NULL DEFAULT '0000-00-00 00:00:00',
  `user_role` enum('customer','guest','admin') COLLATE utf8_unicode_ci NOT NULL DEFAULT 'guest',
  `user_first_name` varchar(50) COLLATE utf8_unicode_ci NOT NULL DEFAULT '',
  `user_last_name` varchar(50) COLLATE utf8_unicode_ci NOT NULL DEFAULT '',
  `user_email` varchar(50) COLLATE utf8_unicode_ci NOT NULL DEFAULT '',
  `user_address` varchar(100) COLLATE utf8_unicode_ci NOT NULL DEFAULT '',
  `user_phone` varchar(10) COLLATE utf8_unicode_ci NOT NULL DEFAULT '',
  `user_city` varchar(100) COLLATE utf8_unicode_ci NOT NULL DEFAULT '',
  `user_state` varchar(32) COLLATE utf8_unicode_ci NOT NULL DEFAULT '',
  `user_postal_code` varchar(5) COLLATE utf8_unicode_ci NOT NULL DEFAULT ''
) ENGINE=MyISAM DEFAULT CHARSET=utf8 COLLATE=utf8_unicode_ci;

--
-- Dumping data for table `tbl_user`
--

INSERT INTO `tbl_user` (`user_id`, `user_name`, `user_password`, `user_regdate`, `user_last_login`, `user_role`, `user_first_name`, `user_last_name`, `user_email`, `user_address`, `user_phone`, `user_city`, `user_state`, `user_postal_code`) VALUES
(6, 'kul', 'caecf412638279522b39a2aec07bf1e9', '2018-02-08 12:14:18', '2018-04-15 02:06:28', 'admin', 'kulthida', 'wanaprasert', 'nookully@outlook.co.th', '36/1  หมู่ 3 ตำบลหนองบัว ', '0823563580', 'บ้านแพ้ว', 'สมุทรสาคร', '74120'),
(8, 'blue', '738a76555b04564b701b2290fb228c55', '2018-03-27 12:40:43', '2018-03-27 13:52:33', 'customer', 'name', 'monday', 'blu@gmail.com', '78/3 หนองปลาไหล', '0878999999', 'หนองปลาไหล', 'นครปฐม', '73140'),
(7, 'abc', 'caecf412638279522b39a2aec07bf1e9', '2018-02-11 20:24:21', '2018-03-19 09:51:12', 'customer', 'kul_kul', 'nookul', 'kulthidakukps@gmail.com', '34/3 ตำบลหนองบึง ', '0823333333', 'บ้านโป่ง', 'ราชบุรี', '74120'),
(9, 'gogo', '6263e1976ac232ef332be64d6ceb7d07', '2018-03-27 12:49:18', '2018-03-27 14:21:55', 'customer', 'fooday', 'january', 'go@hotmail.com', '67/2 หนองงูเหลือม', '0913333333', 'หนองงูเหลือม', 'นครปฐม', '73140'),
(10, 'you', '263400aa41ee3b46561770d61d59b08a', '2018-03-27 13:28:43', '2018-03-27 13:53:24', 'customer', 'youandme', 'meandyou', 'you@hotmail.com', '27/3    บางบ่อ', '0912777777', 'sooon', 'สมุทรปราการ', '10560'),
(11, 'metoo', '9978702bc8f9c5f1a504d7d084f95573', '2018-03-27 13:41:42', '2018-03-27 14:12:51', 'customer', 'bookstore', 'notebook', 'h@hotmail.com', '90 ศรีราชา', '0900000000', 'ศรีราชา', 'ชลบุรี', '20010'),
(12, 'ดี', '361960226d66eaaa9c53077dc06c0019', '2018-03-27 14:00:07', '2018-03-27 14:22:53', 'customer', 'กุ๊กไก่', 'ไข่ดาว', 'm@hotmail.com', '21/6 อ้อมน้อย', '0892222221', 'อ้อมน้อย', 'สมุทรสาคร', '74120'),
(13, 'demo', 'edc774da22d6d9e50a1f8fd0f962b06c', '2018-04-06 22:24:09', '2018-04-08 23:10:18', 'customer', '', '', 'lavender@gmai.com', ' ', '', '', '', ''),
(14, 'test', '147956bcf2d6106f48539bd62c7760b2', '2018-04-13 00:18:31', '2018-04-15 02:19:20', 'customer', '', '', 'bill@gmail.com', ' ', '', '', '', '');

--
-- Indexes for dumped tables
--

--
-- Indexes for table `tbl_cart`
--
ALTER TABLE `tbl_cart`
  ADD PRIMARY KEY (`ct_id`),
  ADD KEY `pd_id` (`pd_id`),
  ADD KEY `ct_session_id` (`ct_session_id`);

--
-- Indexes for table `tbl_category`
--
ALTER TABLE `tbl_category`
  ADD PRIMARY KEY (`cat_id`),
  ADD KEY `cat_parent_id` (`cat_parent_id`),
  ADD KEY `cat_name` (`cat_name`);

--
-- Indexes for table `tbl_currency`
--
ALTER TABLE `tbl_currency`
  ADD PRIMARY KEY (`cy_id`);

--
-- Indexes for table `tbl_instock`
--
ALTER TABLE `tbl_instock`
  ADD PRIMARY KEY (`in`),
  ADD UNIQUE KEY `pd_id` (`pd_id`);

--
-- Indexes for table `tbl_order`
--
ALTER TABLE `tbl_order`
  ADD PRIMARY KEY (`od_id`);

--
-- Indexes for table `tbl_order_item`
--
ALTER TABLE `tbl_order_item`
  ADD PRIMARY KEY (`od_id`,`pd_id`);

--
-- Indexes for table `tbl_payment`
--
ALTER TABLE `tbl_payment`
  ADD PRIMARY KEY (`od_id`);

--
-- Indexes for table `tbl_product`
--
ALTER TABLE `tbl_product`
  ADD PRIMARY KEY (`pd_id`),
  ADD KEY `cat_id` (`cat_id`),
  ADD KEY `pd_name` (`pd_name`);

--
-- Indexes for table `tbl_receipt_date`
--
ALTER TABLE `tbl_receipt_date`
  ADD PRIMARY KEY (`receipt_no`);

--
-- Indexes for table `tbl_receipt_product`
--
ALTER TABLE `tbl_receipt_product`
  ADD PRIMARY KEY (`receipt_no`,`product_id`);

--
-- Indexes for table `tbl_reference`
--
ALTER TABLE `tbl_reference`
  ADD PRIMARY KEY (`ref`);

--
-- Indexes for table `tbl_user`
--
ALTER TABLE `tbl_user`
  ADD PRIMARY KEY (`user_id`),
  ADD UNIQUE KEY `user_name` (`user_name`);

--
-- AUTO_INCREMENT for dumped tables
--

--
-- AUTO_INCREMENT for table `tbl_cart`
--
ALTER TABLE `tbl_cart`
  MODIFY `ct_id` int(10) NOT NULL AUTO_INCREMENT, AUTO_INCREMENT=125;
--
-- AUTO_INCREMENT for table `tbl_category`
--
ALTER TABLE `tbl_category`
  MODIFY `cat_id` int(10) UNSIGNED NOT NULL AUTO_INCREMENT, AUTO_INCREMENT=13;
--
-- AUTO_INCREMENT for table `tbl_currency`
--
ALTER TABLE `tbl_currency`
  MODIFY `cy_id` int(10) UNSIGNED NOT NULL AUTO_INCREMENT, AUTO_INCREMENT=12;
--
-- AUTO_INCREMENT for table `tbl_instock`
--
ALTER TABLE `tbl_instock`
  MODIFY `in` int(10) NOT NULL AUTO_INCREMENT, AUTO_INCREMENT=54;
--
-- AUTO_INCREMENT for table `tbl_order`
--
ALTER TABLE `tbl_order`
  MODIFY `od_id` int(10) UNSIGNED NOT NULL AUTO_INCREMENT, AUTO_INCREMENT=1039;
--
-- AUTO_INCREMENT for table `tbl_product`
--
ALTER TABLE `tbl_product`
  MODIFY `pd_id` int(10) UNSIGNED NOT NULL AUTO_INCREMENT, AUTO_INCREMENT=76;
--
-- AUTO_INCREMENT for table `tbl_reference`
--
ALTER TABLE `tbl_reference`
  MODIFY `ref` int(10) NOT NULL AUTO_INCREMENT, AUTO_INCREMENT=35;
--
-- AUTO_INCREMENT for table `tbl_user`
--
ALTER TABLE `tbl_user`
  MODIFY `user_id` int(10) UNSIGNED NOT NULL AUTO_INCREMENT, AUTO_INCREMENT=15;
/*!40101 SET CHARACTER_SET_CLIENT=@OLD_CHARACTER_SET_CLIENT */;
/*!40101 SET CHARACTER_SET_RESULTS=@OLD_CHARACTER_SET_RESULTS */;
/*!40101 SET COLLATION_CONNECTION=@OLD_COLLATION_CONNECTION */;
